county,state,"Rates of Persons, aged 55+, Living with HIV, 2020"
Autauga,Alabama,261
Baldwin,Alabama,154
Barbour,Alabama,-1
Bibb,Alabama,-1
Blount,Alabama,-1
Bullock,Alabama,-1
Butler,Alabama,-1
Calhoun,Alabama,211
Chambers,Alabama,-1
Cherokee,Alabama,-1
Chilton,Alabama,-1
Choctaw,Alabama,162
Clarke,Alabama,146
Clay,Alabama,105
Cleburne,Alabama,158
Coffee,Alabama,-1
Colbert,Alabama,-1
Conecuh,Alabama,237
Coosa,Alabama,244
Covington,Alabama,-1
Crenshaw,Alabama,-1
Cullman,Alabama,-1
Dale,Alabama,-1
Dallas,Alabama,419
DeKalb,Alabama,-1
Elmore,Alabama,216
Escambia,Alabama,-1
Etowah,Alabama,168
Fayette,Alabama,-1
Franklin,Alabama,64
Geneva,Alabama,214
Greene,Alabama,-1
Hale,Alabama,431
Henry,Alabama,-1
Houston,Alabama,-1
Jackson,Alabama,-1
Jefferson,Alabama,675
Lamar,Alabama,139
Lauderdale,Alabama,96
Lawrence,Alabama,80
Lee,Alabama,217
Limestone,Alabama,123
Lowndes,Alabama,-1
Macon,Alabama,761
Madison,Alabama,188
Marengo,Alabama,156
Marion,Alabama,-1
Marshall,Alabama,-1
Mobile,Alabama,534
Monroe,Alabama,173
Montgomery,Alabama,736
Morgan,Alabama,-1
Perry,Alabama,272
Pickens,Alabama,-1
Pike,Alabama,384
Randolph,Alabama,60
Russell,Alabama,335
Shelby,Alabama,168
St. Clair,Alabama,-1
Sumter,Alabama,-1
Talladega,Alabama,172
Tallapoosa,Alabama,-1
Tuscaloosa,Alabama,277
Walker,Alabama,-1
Washington,Alabama,-1
Wilcox,Alabama,-1
Winston,Alabama,-1
Aleutians East,Alaska,-4
Aleutians West,Alaska,-4
Anchorage,Alaska,-4
Bethel,Alaska,-4
Bristol Bay,Alaska,-4
Chugach,Alaska,-4
Copper River,Alaska,-4
Denali,Alaska,-4
Dillingham,Alaska,-4
Fairbanks North Star,Alaska,-4
Haines,Alaska,-4
Hoonah-Angoon,Alaska,-4
Juneau,Alaska,-4
Kenai Peninsula,Alaska,-4
Ketchikan Gateway,Alaska,-4
Kodiak Island,Alaska,-4
Kusilvak,Alaska,-4
Lake and Peninsula,Alaska,-4
Matanuska-Susitna,Alaska,-4
Nome,Alaska,-4
North Slope,Alaska,-4
Northwest Arctic,Alaska,-4
Petersburg,Alaska,-4
Prince of Wales-Hyder,Alaska,-4
Sitka,Alaska,-4
Skagway,Alaska,-4
Southeast Fairbanks,Alaska,-4
Wrangell,Alaska,-4
Yakutat,Alaska,-4
Yukon-Koyukuk,Alaska,-4
Apache,Arizona,-1
Cochise,Arizona,233
Coconino,Arizona,168
Gila,Arizona,68
Graham,Arizona,-1
Greenlee,Arizona,-1
La Paz,Arizona,112
Maricopa,Arizona,338
Mohave,Arizona,128
Navajo,Arizona,-1
Pima,Arizona,368
Pinal,Arizona,187
Santa Cruz,Arizona,-1
Yavapai,Arizona,-1
Yuma,Arizona,164
Arkansas,Arkansas,-1
Ashley,Arkansas,116
Baxter,Arkansas,-1
Benton,Arkansas,162
Boone,Arkansas,83
Bradley,Arkansas,144
Calhoun,Arkansas,256
Carroll,Arkansas,265
Chicot,Arkansas,-1
Clark,Arkansas,126
Clay,Arkansas,-1
Cleburne,Arkansas,92
Cleveland,Arkansas,-1
Columbia,Arkansas,-1
Conway,Arkansas,190
Craighead,Arkansas,146
Crawford,Arkansas,-1
Crittenden,Arkansas,-1
Cross,Arkansas,189
Dallas,Arkansas,-1
Desha,Arkansas,185
Drew,Arkansas,-1
Faulkner,Arkansas,135
Franklin,Arkansas,-1
Fulton,Arkansas,-1
Garland,Arkansas,-1
Grant,Arkansas,116
Greene,Arkansas,-1
Hempstead,Arkansas,85
Hot Spring,Arkansas,-1
Howard,Arkansas,-1
Independence,Arkansas,-1
Izard,Arkansas,124
Jackson,Arkansas,-1
Jefferson,Arkansas,408
Johnson,Arkansas,74
Lafayette,Arkansas,-1
Lawrence,Arkansas,110
Lee,Arkansas,-1
Lincoln,Arkansas,275
Little River,Arkansas,138
Logan,Arkansas,79
Lonoke,Arkansas,-1
Madison,Arkansas,87
Marion,Arkansas,-1
Miller,Arkansas,303
Mississippi,Arkansas,-1
Monroe,Arkansas,304
Montgomery,Arkansas,-1
Nevada,Arkansas,-1
Newton,Arkansas,-1
Ouachita,Arkansas,352
Perry,Arkansas,-1
Phillips,Arkansas,-1
Pike,Arkansas,-1
Poinsett,Arkansas,94
Polk,Arkansas,-1
Pope,Arkansas,-1
Prairie,Arkansas,-1
Pulaski,Arkansas,549
Randolph,Arkansas,101
Saline,Arkansas,91
Scott,Arkansas,0
Searcy,Arkansas,-1
Sebastian,Arkansas,187
Sevier,Arkansas,154
Sharp,Arkansas,83
St. Francis,Arkansas,-1
Stone,Arkansas,-1
Union,Arkansas,-1
Van Buren,Arkansas,-1
Washington,Arkansas,232
White,Arkansas,-1
Woodruff,Arkansas,247
Yell,Arkansas,-1
Alameda,California,584
Alpine,California,-2
Amador,California,-2
Butte,California,-1
Calaveras,California,-2
Colusa,California,-2
Contra Costa,California,341
Del Norte,California,-2
El Dorado,California,149
Fresno,California,312
Glenn,California,-2
Humboldt,California,234
Imperial,California,282
Inyo,California,-2
Kern,California,310
Kings,California,190
Lake,California,-1
Lassen,California,-2
Los Angeles,California,697
Madera,California,196
Marin,California,421
Mariposa,California,-2
Mendocino,California,-1
Merced,California,174
Modoc,California,-2
Mono,California,-2
Monterey,California,272
Napa,California,308
Nevada,California,-1
Orange,California,282
Placer,California,126
Plumas,California,-2
Riverside,California,832
Sacramento,California,445
San Benito,California,159
San Bernardino,California,313
San Diego,California,630
San Francisco,California,2427
San Joaquin,California,266
San Luis Obispo,California,190
San Mateo,California,324
Santa Barbara,California,211
Santa Clara,California,250
Santa Cruz,California,288
Shasta,California,171
Sierra,California,-2
Siskiyou,California,-2
Solano,California,453
Sonoma,California,500
Stanislaus,California,222
Sutter,California,-1
Tehama,California,104
Trinity,California,-2
Tulare,California,141
Tuolumne,California,-2
Ventura,California,185
Yolo,California,254
Yuba,California,-1
Adams,Colorado,363
Alamosa,Colorado,-1
Arapahoe,Colorado,330
Archuleta,Colorado,93
Baca,Colorado,-1
Bent,Colorado,-1
Boulder,Colorado,248
Broomfield,Colorado,31
Chaffee,Colorado,80
Cheyenne,Colorado,-1
Clear Creek,Colorado,234
Conejos,Colorado,-1
Costilla,Colorado,-1
Crowley,Colorado,345
Custer,Colorado,0
Delta,Colorado,75
Denver,Colorado,1744
Dolores,Colorado,-1
Douglas,Colorado,109
Eagle,Colorado,-1
El Paso,Colorado,202
Elbert,Colorado,151
Fremont,Colorado,-1
Garfield,Colorado,153
Gilpin,Colorado,321
Grand,Colorado,171
Gunnison,Colorado,-1
Hinsdale,Colorado,-1
Huerfano,Colorado,202
Jackson,Colorado,0
Jefferson,Colorado,217
Kiowa,Colorado,0
Kit Carson,Colorado,-1
La Plata,Colorado,165
Lake,Colorado,-1
Larimer,Colorado,122
Las Animas,Colorado,154
Lincoln,Colorado,-1
Logan,Colorado,145
Mesa,Colorado,130
Mineral,Colorado,-1
Moffat,Colorado,124
Montezuma,Colorado,97
Montrose,Colorado,-1
Morgan,Colorado,62
Otero,Colorado,97
Ouray,Colorado,-1
Park,Colorado,118
Phillips,Colorado,-1
Pitkin,Colorado,154
Prowers,Colorado,-1
Pueblo,Colorado,-1
Rio Blanco,Colorado,-1
Rio Grande,Colorado,124
Routt,Colorado,-1
Saguache,Colorado,166
San Juan,Colorado,-1
San Miguel,Colorado,-1
Sedgwick,Colorado,-1
Summit,Colorado,-1
Teller,Colorado,70
Washington,Colorado,-1
Weld,Colorado,109
Yuma,Colorado,-1
Fairfield,Connecticut,465
Hartford,Connecticut,534
Litchfield,Connecticut,-1
Middlesex,Connecticut,-1
New Haven,Connecticut,612
New London,Connecticut,311
Tolland,Connecticut,-1
Windham,Connecticut,255
Kent,Delaware,362
New Castle,Delaware,572
Sussex,Delaware,377
Alachua,Florida,563
Baker,Florida,-1
Bay,Florida,295
Bradford,Florida,-1
Brevard,Florida,314
Broward,Florida,1499
Calhoun,Florida,-1
Charlotte,Florida,170
Citrus,Florida,-1
Clay,Florida,206
Collier,Florida,254
Columbia,Florida,465
DeSoto,Florida,-1
Dixie,Florida,-1
Duval,Florida,811
Escambia,Florida,518
Flagler,Florida,183
Franklin,Florida,165
Gadsden,Florida,455
Gilchrist,Florida,163
Glades,Florida,-1
Gulf,Florida,-1
Hamilton,Florida,-1
Hardee,Florida,-1
Hendry,Florida,615
Hernando,Florida,253
Highlands,Florida,242
Hillsborough,Florida,671
Holmes,Florida,-1
Indian River,Florida,263
Jackson,Florida,-1
Jefferson,Florida,-1
Lafayette,Florida,-1
Lake,Florida,315
Lee,Florida,280
Leon,Florida,529
Levy,Florida,-1
Liberty,Florida,214
Madison,Florida,-1
Manatee,Florida,293
Marion,Florida,278
Martin,Florida,239
Miami-Dade,Florida,1425
Monroe,Florida,-1
Nassau,Florida,-1
Okaloosa,Florida,255
Okeechobee,Florida,283
Orange,Florida,935
Osceola,Florida,551
Palm Beach,Florida,645
Pasco,Florida,292
Pinellas,Florida,540
Polk,Florida,427
Putnam,Florida,-1
Santa Rosa,Florida,-1
Sarasota,Florida,235
Seminole,Florida,348
St. Johns,Florida,184
St. Lucie,Florida,650
Sumter,Florida,130
Suwannee,Florida,-1
Taylor,Florida,-1
Union,Florida,-1
Volusia,Florida,361
Wakulla,Florida,480
Walton,Florida,-1
Washington,Florida,-1
Appling,Georgia,-1
Atkinson,Georgia,455
Bacon,Georgia,533
Baker,Georgia,-1
Baldwin,Georgia,379
Banks,Georgia,127
Barrow,Georgia,195
Bartow,Georgia,281
Ben Hill,Georgia,456
Berrien,Georgia,309
Bibb,Georgia,877
Bleckley,Georgia,323
Brantley,Georgia,132
Brooks,Georgia,-1
Bryan,Georgia,-1
Bulloch,Georgia,357
Burke,Georgia,-1
Butts,Georgia,475
Calhoun,Georgia,-1
Camden,Georgia,-1
Candler,Georgia,400
Carroll,Georgia,291
Catoosa,Georgia,83
Charlton,Georgia,-1
Chatham,Georgia,859
Chattahoochee,Georgia,-1
Chattooga,Georgia,-1
Cherokee,Georgia,165
Clarke,Georgia,516
Clay,Georgia,-1
Clayton,Georgia,989
Clinch,Georgia,-1
Cobb,Georgia,453
Coffee,Georgia,221
Colquitt,Georgia,627
Columbia,Georgia,210
Cook,Georgia,315
Coweta,Georgia,223
Crawford,Georgia,-1
Crisp,Georgia,460
Dade,Georgia,107
Dawson,Georgia,-1
Decatur,Georgia,515
DeKalb,Georgia,1385
Dodge,Georgia,-1
Dooly,Georgia,-1
Dougherty,Georgia,1094
Douglas,Georgia,436
Early,Georgia,-1
Echols,Georgia,-1
Effingham,Georgia,-1
Elbert,Georgia,146
Emanuel,Georgia,-1
Evans,Georgia,-1
Fannin,Georgia,194
Fayette,Georgia,209
Floyd,Georgia,286
Forsyth,Georgia,81
Franklin,Georgia,-1
Fulton,Georgia,1871
Gilmer,Georgia,233
Glascock,Georgia,-1
Glynn,Georgia,376
Gordon,Georgia,163
Grady,Georgia,-1
Greene,Georgia,-1
Gwinnett,Georgia,377
Habersham,Georgia,-1
Hall,Georgia,174
Hancock,Georgia,-1
Haralson,Georgia,227
Harris,Georgia,-1
Hart,Georgia,152
Heard,Georgia,132
Henry,Georgia,406
Houston,Georgia,293
Irwin,Georgia,-1
Jackson,Georgia,-1
Jasper,Georgia,190
Jeff Davis,Georgia,-1
Jefferson,Georgia,-1
Jenkins,Georgia,-1
Johnson,Georgia,217
Jones,Georgia,97
Lamar,Georgia,324
Lanier,Georgia,333
Laurens,Georgia,557
Lee,Georgia,198
Liberty,Georgia,566
Lincoln,Georgia,270
Long,Georgia,159
Lowndes,Georgia,750
Lumpkin,Georgia,102
Macon,Georgia,-1
Madison,Georgia,-1
Marion,Georgia,313
McDuffie,Georgia,-1
McIntosh,Georgia,-1
Meriwether,Georgia,-1
Miller,Georgia,-1
Mitchell,Georgia,-1
Monroe,Georgia,-1
Montgomery,Georgia,282
Morgan,Georgia,248
Murray,Georgia,183
Muscogee,Georgia,769
Newton,Georgia,469
Oconee,Georgia,84
Oglethorpe,Georgia,-1
Paulding,Georgia,194
Peach,Georgia,453
Pickens,Georgia,140
Pierce,Georgia,-1
Pike,Georgia,105
Polk,Georgia,-1
Pulaski,Georgia,240
Putnam,Georgia,-1
Quitman,Georgia,548
Rabun,Georgia,130
Randolph,Georgia,435
Richmond,Georgia,1060
Rockdale,Georgia,507
Schley,Georgia,-1
Screven,Georgia,-1
Seminole,Georgia,414
Spalding,Georgia,376
Stephens,Georgia,250
Stewart,Georgia,-1
Sumter,Georgia,368
Talbot,Georgia,400
Taliaferro,Georgia,-1
Tattnall,Georgia,574
Taylor,Georgia,435
Telfair,Georgia,-1
Terrell,Georgia,-1
Thomas,Georgia,-1
Tift,Georgia,557
Toombs,Georgia,416
Towns,Georgia,81
Treutlen,Georgia,369
Troup,Georgia,292
Turner,Georgia,1026
Twiggs,Georgia,333
Union,Georgia,137
Upson,Georgia,-1
Walker,Georgia,184
Walton,Georgia,292
Ware,Georgia,-1
Warren,Georgia,637
Washington,Georgia,334
Wayne,Georgia,436
Webster,Georgia,-1
Wheeler,Georgia,382
White,Georgia,85
Whitfield,Georgia,139
Wilcox,Georgia,652
Wilkes,Georgia,315
Wilkinson,Georgia,-1
Worth,Georgia,-1
Hawaii,Hawaii,350
Honolulu,Hawaii,251
Kalawao,Hawaii,-1
Kauai,Hawaii,-1
Maui,Hawaii,-1
Ada,Idaho,-2
Adams,Idaho,-2
Bannock,Idaho,-2
Bear Lake,Idaho,-2
Benewah,Idaho,-2
Bingham,Idaho,-2
Blaine,Idaho,-2
Boise,Idaho,-2
Bonner,Idaho,-2
Bonneville,Idaho,-2
Boundary,Idaho,-2
Butte,Idaho,-2
Camas,Idaho,-2
Canyon,Idaho,-2
Caribou,Idaho,-2
Cassia,Idaho,-2
Clark,Idaho,-2
Clearwater,Idaho,-2
Custer,Idaho,-2
Elmore,Idaho,-2
Franklin,Idaho,-2
Fremont,Idaho,-2
Gem,Idaho,-2
Gooding,Idaho,-2
Idaho,Idaho,-2
Jefferson,Idaho,-2
Jerome,Idaho,-2
Kootenai,Idaho,-2
Latah,Idaho,-2
Lemhi,Idaho,-2
Lewis,Idaho,-2
Lincoln,Idaho,-2
Madison,Idaho,-2
Minidoka,Idaho,-2
Nez Perce,Idaho,-2
Oneida,Idaho,-2
Owyhee,Idaho,-2
Payette,Idaho,-2
Power,Idaho,-2
Shoshone,Idaho,-2
Teton,Idaho,-2
Twin Falls,Idaho,-2
Valley,Idaho,-2
Washington,Idaho,-2
Adams,Illinois,-2
Alexander,Illinois,-2
Bond,Illinois,-2
Boone,Illinois,-2
Brown,Illinois,-2
Bureau,Illinois,-2
Calhoun,Illinois,-2
Carroll,Illinois,-2
Cass,Illinois,-2
Champaign,Illinois,-2
Christian,Illinois,-2
Clark,Illinois,-2
Clay,Illinois,-2
Clinton,Illinois,-2
Coles,Illinois,-2
Cook,Illinois,634
Crawford,Illinois,-2
Cumberland,Illinois,-2
De Witt,Illinois,-2
DeKalb,Illinois,-2
Douglas,Illinois,-2
DuPage,Illinois,91
Edgar,Illinois,-2
Edwards,Illinois,-2
Effingham,Illinois,-2
Fayette,Illinois,-2
Ford,Illinois,-2
Franklin,Illinois,-2
Fulton,Illinois,-2
Gallatin,Illinois,-2
Greene,Illinois,-2
Grundy,Illinois,-2
Hamilton,Illinois,-2
Hancock,Illinois,-2
Hardin,Illinois,-2
Henderson,Illinois,-2
Henry,Illinois,-2
Iroquois,Illinois,-2
Jackson,Illinois,-2
Jasper,Illinois,-2
Jefferson,Illinois,-2
Jersey,Illinois,-2
Jo Daviess,Illinois,-2
Johnson,Illinois,-2
Kane,Illinois,-2
Kankakee,Illinois,-2
Kendall,Illinois,-2
Knox,Illinois,-2
Lake,Illinois,134
LaSalle,Illinois,-2
Lawrence,Illinois,-2
Lee,Illinois,-2
Livingston,Illinois,-2
Logan,Illinois,-2
Macon,Illinois,-2
Macoupin,Illinois,-2
Madison,Illinois,-2
Marion,Illinois,-2
Marshall,Illinois,-2
Mason,Illinois,-2
Massac,Illinois,-2
McDonough,Illinois,-2
McHenry,Illinois,-2
McLean,Illinois,-2
Menard,Illinois,-2
Mercer,Illinois,-2
Monroe,Illinois,-2
Montgomery,Illinois,-2
Morgan,Illinois,-2
Moultrie,Illinois,-2
Ogle,Illinois,-2
Peoria,Illinois,-2
Perry,Illinois,-2
Piatt,Illinois,-2
Pike,Illinois,-2
Pope,Illinois,-2
Pulaski,Illinois,-2
Putnam,Illinois,-2
Randolph,Illinois,-2
Richland,Illinois,-2
Rock Island,Illinois,-2
Saline,Illinois,-2
Sangamon,Illinois,-2
Schuyler,Illinois,-2
Scott,Illinois,-2
Shelby,Illinois,-2
St. Clair,Illinois,-2
Stark,Illinois,-2
Stephenson,Illinois,-2
Tazewell,Illinois,-2
Union,Illinois,-2
Vermilion,Illinois,-2
Wabash,Illinois,-2
Warren,Illinois,-2
Washington,Illinois,-2
Wayne,Illinois,-2
White,Illinois,-2
Whiteside,Illinois,-2
Will,Illinois,110
Williamson,Illinois,-2
Winnebago,Illinois,-2
Woodford,Illinois,-2
Adams,Indiana,-1
Allen,Indiana,194
Bartholomew,Indiana,-1
Benton,Indiana,-1
Blackford,Indiana,-1
Boone,Indiana,-1
Brown,Indiana,-1
Carroll,Indiana,-1
Cass,Indiana,81
Clark,Indiana,245
Clay,Indiana,81
Clinton,Indiana,-1
Crawford,Indiana,-1
Daviess,Indiana,128
Dearborn,Indiana,54
Decatur,Indiana,72
DeKalb,Indiana,-1
Delaware,Indiana,-1
Dubois,Indiana,35
Elkhart,Indiana,111
Fayette,Indiana,-1
Floyd,Indiana,-1
Fountain,Indiana,-1
Franklin,Indiana,-1
Fulton,Indiana,73
Gibson,Indiana,102
Grant,Indiana,132
Greene,Indiana,62
Hamilton,Indiana,110
Hancock,Indiana,106
Harrison,Indiana,94
Hendricks,Indiana,96
Henry,Indiana,111
Howard,Indiana,-1
Huntington,Indiana,126
Jackson,Indiana,-1
Jasper,Indiana,74
Jay,Indiana,77
Jefferson,Indiana,-1
Jennings,Indiana,-1
Johnson,Indiana,-1
Knox,Indiana,-1
Kosciusko,Indiana,-1
LaGrange,Indiana,-1
Lake,Indiana,237
LaPorte,Indiana,-1
Lawrence,Indiana,94
Madison,Indiana,164
Marion,Indiana,581
Marshall,Indiana,53
Martin,Indiana,-1
Miami,Indiana,-1
Monroe,Indiana,229
Montgomery,Indiana,118
Morgan,Indiana,-1
Newton,Indiana,-1
Noble,Indiana,61
Ohio,Indiana,-1
Orange,Indiana,-1
Owen,Indiana,-1
Parke,Indiana,136
Perry,Indiana,-1
Pike,Indiana,-1
Porter,Indiana,114
Posey,Indiana,78
Pulaski,Indiana,-1
Putnam,Indiana,-1
Randolph,Indiana,129
Ripley,Indiana,-1
Rush,Indiana,-1
Scott,Indiana,-1
Shelby,Indiana,-1
Spencer,Indiana,-1
St. Joseph,Indiana,251
Starke,Indiana,-1
Steuben,Indiana,-1
Sullivan,Indiana,-1
Switzerland,Indiana,-1
Tippecanoe,Indiana,120
Tipton,Indiana,-1
Union,Indiana,-1
Vanderburgh,Indiana,204
Vermillion,Indiana,-1
Vigo,Indiana,-1
Wabash,Indiana,-1
Warren,Indiana,-1
Warrick,Indiana,94
Washington,Indiana,76
Wayne,Indiana,-1
Wells,Indiana,-1
White,Indiana,70
Whitley,Indiana,61
Adair,Iowa,-1
Adams,Iowa,0
Allamakee,Iowa,-1
Appanoose,Iowa,-1
Audubon,Iowa,264
Benton,Iowa,57
Black Hawk,Iowa,-1
Boone,Iowa,99
Bremer,Iowa,-1
Buchanan,Iowa,-1
Buena Vista,Iowa,-1
Butler,Iowa,-1
Calhoun,Iowa,-1
Carroll,Iowa,-1
Cass,Iowa,-1
Cedar,Iowa,-1
Cerro Gordo,Iowa,-1
Cherokee,Iowa,-1
Chickasaw,Iowa,-1
Clarke,Iowa,-1
Clay,Iowa,-1
Clayton,Iowa,84
Clinton,Iowa,110
Crawford,Iowa,-1
Dallas,Iowa,-1
Davis,Iowa,-1
Decatur,Iowa,-1
Delaware,Iowa,-1
Des Moines,Iowa,72
Dickinson,Iowa,-1
Dubuque,Iowa,-1
Emmet,Iowa,-1
Fayette,Iowa,-1
Floyd,Iowa,-1
Franklin,Iowa,-1
Fremont,Iowa,-1
Greene,Iowa,-1
Grundy,Iowa,-1
Guthrie,Iowa,-1
Hamilton,Iowa,-1
Hancock,Iowa,-1
Hardin,Iowa,93
Harrison,Iowa,-1
Henry,Iowa,-1
Howard,Iowa,-1
Humboldt,Iowa,0
Ida,Iowa,-1
Iowa,Iowa,88
Jackson,Iowa,-1
Jasper,Iowa,80
Jefferson,Iowa,-1
Johnson,Iowa,211
Jones,Iowa,-1
Keokuk,Iowa,-1
Kossuth,Iowa,-1
Lee,Iowa,66
Linn,Iowa,139
Louisa,Iowa,-1
Lucas,Iowa,-1
Lyon,Iowa,-1
Madison,Iowa,176
Mahaska,Iowa,99
Marion,Iowa,-1
Marshall,Iowa,64
Mills,Iowa,-1
Mitchell,Iowa,-1
Monona,Iowa,0
Monroe,Iowa,-1
Montgomery,Iowa,-1
Muscatine,Iowa,61
O'Brien,Iowa,-1
Osceola,Iowa,-1
Page,Iowa,89
Palo Alto,Iowa,-1
Plymouth,Iowa,-1
Pocahontas,Iowa,-1
Polk,Iowa,209
Pottawattamie,Iowa,-1
Poweshiek,Iowa,125
Ringgold,Iowa,-1
Sac,Iowa,-1
Scott,Iowa,-1
Shelby,Iowa,-1
Sioux,Iowa,-1
Story,Iowa,68
Tama,Iowa,85
Taylor,Iowa,-1
Union,Iowa,-1
Van Buren,Iowa,-1
Wapello,Iowa,-1
Warren,Iowa,46
Washington,Iowa,-1
Wayne,Iowa,-1
Webster,Iowa,-1
Winnebago,Iowa,-1
Winneshiek,Iowa,-1
Woodbury,Iowa,-1
Worth,Iowa,0
Wright,Iowa,-1
Allen,Kansas,-1
Anderson,Kansas,-1
Atchison,Kansas,100
Barber,Kansas,-1
Barton,Kansas,100
Bourbon,Kansas,146
Brown,Kansas,-1
Butler,Kansas,101
Chase,Kansas,-1
Chautauqua,Kansas,-1
Cherokee,Kansas,-1
Cheyenne,Kansas,-1
Clark,Kansas,-1
Clay,Kansas,-1
Cloud,Kansas,164
Coffey,Kansas,-1
Comanche,Kansas,0
Cowley,Kansas,91
Crawford,Kansas,-1
Decatur,Kansas,-1
Dickinson,Kansas,-1
Doniphan,Kansas,-1
Douglas,Kansas,81
Edwards,Kansas,-1
Elk,Kansas,0
Ellis,Kansas,87
Ellsworth,Kansas,-1
Finney,Kansas,100
Ford,Kansas,-1
Franklin,Kansas,109
Geary,Kansas,299
Gove,Kansas,-1
Graham,Kansas,-1
Grant,Kansas,-1
Gray,Kansas,-1
Greeley,Kansas,-1
Greenwood,Kansas,-1
Hamilton,Kansas,-1
Harper,Kansas,-1
Harvey,Kansas,62
Haskell,Kansas,-1
Hodgeman,Kansas,0
Jackson,Kansas,-1
Jefferson,Kansas,-1
Jewell,Kansas,0
Johnson,Kansas,147
Kearny,Kansas,-1
Kingman,Kansas,-1
Kiowa,Kansas,0
Labette,Kansas,74
Lane,Kansas,0
Leavenworth,Kansas,-1
Lincoln,Kansas,-1
Linn,Kansas,-1
Logan,Kansas,0
Lyon,Kansas,-1
Marion,Kansas,-1
Marshall,Kansas,-1
McPherson,Kansas,61
Meade,Kansas,-1
Miami,Kansas,89
Mitchell,Kansas,-1
Montgomery,Kansas,64
Morris,Kansas,-1
Morton,Kansas,-1
Nemaha,Kansas,-1
Neosho,Kansas,-1
Ness,Kansas,0
Norton,Kansas,-1
Osage,Kansas,0
Osborne,Kansas,0
Ottawa,Kansas,-1
Pawnee,Kansas,-1
Phillips,Kansas,0
Pottawatomie,Kansas,-1
Pratt,Kansas,-1
Rawlins,Kansas,0
Reno,Kansas,43
Republic,Kansas,-1
Rice,Kansas,-1
Riley,Kansas,76
Rooks,Kansas,-1
Rush,Kansas,0
Russell,Kansas,-1
Saline,Kansas,-1
Scott,Kansas,-1
Sedgwick,Kansas,239
Seward,Kansas,159
Shawnee,Kansas,143
Sheridan,Kansas,0
Sherman,Kansas,-1
Smith,Kansas,0
Stafford,Kansas,-1
Stanton,Kansas,-1
Stevens,Kansas,-1
Sumner,Kansas,-1
Thomas,Kansas,-1
Trego,Kansas,0
Wabaunsee,Kansas,0
Wallace,Kansas,0
Washington,Kansas,-1
Wichita,Kansas,0
Wilson,Kansas,-1
Woodson,Kansas,-1
Wyandotte,Kansas,352
Adair,Kentucky,-2
Allen,Kentucky,-2
Anderson,Kentucky,-2
Ballard,Kentucky,-2
Barren,Kentucky,-2
Bath,Kentucky,-2
Bell,Kentucky,-2
Boone,Kentucky,-1
Bourbon,Kentucky,-2
Boyd,Kentucky,-2
Boyle,Kentucky,-2
Bracken,Kentucky,-2
Breathitt,Kentucky,-2
Breckinridge,Kentucky,-2
Bullitt,Kentucky,47
Butler,Kentucky,-2
Caldwell,Kentucky,-2
Calloway,Kentucky,-2
Campbell,Kentucky,-1
Carlisle,Kentucky,-2
Carroll,Kentucky,-2
Carter,Kentucky,-2
Casey,Kentucky,-2
Christian,Kentucky,169
Clark,Kentucky,-2
Clay,Kentucky,-2
Clinton,Kentucky,-2
Crittenden,Kentucky,-2
Cumberland,Kentucky,-2
Daviess,Kentucky,-1
Edmonson,Kentucky,-2
Elliott,Kentucky,-2
Estill,Kentucky,-2
Fayette,Kentucky,387
Fleming,Kentucky,-2
Floyd,Kentucky,-2
Franklin,Kentucky,-2
Fulton,Kentucky,-2
Gallatin,Kentucky,-2
Garrard,Kentucky,-2
Grant,Kentucky,-2
Graves,Kentucky,-2
Grayson,Kentucky,-2
Green,Kentucky,-2
Greenup,Kentucky,-2
Hancock,Kentucky,-2
Hardin,Kentucky,171
Harlan,Kentucky,-2
Harrison,Kentucky,-2
Hart,Kentucky,-2
Henderson,Kentucky,-2
Henry,Kentucky,-2
Hickman,Kentucky,-2
Hopkins,Kentucky,-2
Jackson,Kentucky,-2
Jefferson,Kentucky,465
Jessamine,Kentucky,-2
Johnson,Kentucky,-2
Kenton,Kentucky,219
Knott,Kentucky,-2
Knox,Kentucky,-2
Larue,Kentucky,-2
Laurel,Kentucky,-1
Lawrence,Kentucky,-2
Lee,Kentucky,-2
Leslie,Kentucky,-2
Letcher,Kentucky,-2
Lewis,Kentucky,-2
Lincoln,Kentucky,-2
Livingston,Kentucky,-2
Logan,Kentucky,-2
Lyon,Kentucky,-2
Madison,Kentucky,119
Magoffin,Kentucky,-2
Marion,Kentucky,-2
Marshall,Kentucky,-2
Martin,Kentucky,-2
Mason,Kentucky,-2
McCracken,Kentucky,243
McCreary,Kentucky,-2
McLean,Kentucky,-2
Meade,Kentucky,-2
Menifee,Kentucky,-2
Mercer,Kentucky,-2
Metcalfe,Kentucky,-2
Monroe,Kentucky,-2
Montgomery,Kentucky,-2
Morgan,Kentucky,-2
Muhlenberg,Kentucky,-2
Nelson,Kentucky,-2
Nicholas,Kentucky,-2
Ohio,Kentucky,-2
Oldham,Kentucky,-1
Owen,Kentucky,-2
Owsley,Kentucky,-2
Pendleton,Kentucky,-2
Perry,Kentucky,-2
Pike,Kentucky,-2
Powell,Kentucky,-2
Pulaski,Kentucky,90
Robertson,Kentucky,-2
Rockcastle,Kentucky,-2
Rowan,Kentucky,-2
Russell,Kentucky,-2
Scott,Kentucky,-2
Shelby,Kentucky,-2
Simpson,Kentucky,-2
Spencer,Kentucky,-2
Taylor,Kentucky,-2
Todd,Kentucky,-2
Trigg,Kentucky,-2
Trimble,Kentucky,-2
Union,Kentucky,-2
Warren,Kentucky,161
Washington,Kentucky,-2
Wayne,Kentucky,-2
Webster,Kentucky,-2
Whitley,Kentucky,-2
Wolfe,Kentucky,-2
Woodford,Kentucky,-2
Acadia,Louisiana,421
Allen,Louisiana,-1
Ascension,Louisiana,266
Assumption,Louisiana,546
Avoyelles,Louisiana,606
Beauregard,Louisiana,-1
Bienville,Louisiana,-1
Bossier,Louisiana,374
Caddo,Louisiana,310
Calcasieu,Louisiana,313
Caldwell,Louisiana,446
Cameron,Louisiana,-1
Catahoula,Louisiana,326
Claiborne,Louisiana,-1
Concordia,Louisiana,-1
De Soto,Louisiana,-1
East Baton Rouge,Louisiana,993
East Carroll,Louisiana,476
East Feliciana,Louisiana,136
Evangeline,Louisiana,-1
Franklin,Louisiana,-1
Grant,Louisiana,-1
Iberia,Louisiana,319
Iberville,Louisiana,-1
Jackson,Louisiana,338
Jefferson,Louisiana,470
Jefferson Davis,Louisiana,116
La Salle,Louisiana,180
Lafayette,Louisiana,394
Lafourche,Louisiana,149
Lincoln,Louisiana,106
Livingston,Louisiana,313
Madison,Louisiana,-1
Morehouse,Louisiana,318
Natchitoches,Louisiana,389
Orleans,Louisiana,1523
Ouachita,Louisiana,422
Plaquemines,Louisiana,255
Pointe Coupee,Louisiana,-1
Rapides,Louisiana,333
Red River,Louisiana,-1
Richland,Louisiana,-1
Sabine,Louisiana,118
St. Bernard,Louisiana,513
St. Charles,Louisiana,364
St. Helena,Louisiana,-1
St. James,Louisiana,276
St. John the Baptist,Louisiana,-1
St. Landry,Louisiana,374
St. Martin,Louisiana,106
St. Mary,Louisiana,151
St. Tammany,Louisiana,253
Tangipahoa,Louisiana,234
Tensas,Louisiana,-1
Terrebonne,Louisiana,159
Union,Louisiana,-1
Vermilion,Louisiana,-1
Vernon,Louisiana,-1
Washington,Louisiana,-1
Webster,Louisiana,-1
West Baton Rouge,Louisiana,-1
West Carroll,Louisiana,166
West Feliciana,Louisiana,-1
Winn,Louisiana,134
Androscoggin,Maine,-2
Aroostook,Maine,-2
Cumberland,Maine,-2
Franklin,Maine,-2
Hancock,Maine,-2
Kennebec,Maine,-2
Knox,Maine,-2
Lincoln,Maine,-2
Oxford,Maine,-2
Penobscot,Maine,-2
Piscataquis,Maine,-2
Sagadahoc,Maine,-2
Somerset,Maine,-2
Waldo,Maine,-2
Washington,Maine,-2
York,Maine,-2
Allegany,Maryland,309
Anne Arundel,Maryland,314
Baltimore,Maryland,479
Calvert,Maryland,-1
Caroline,Maryland,-2
Carroll,Maryland,-1
Cecil,Maryland,-1
Charles,Maryland,440
Dorchester,Maryland,-2
Frederick,Maryland,271
Garrett,Maryland,-2
Harford,Maryland,278
Howard,Maryland,253
Kent,Maryland,-2
Montgomery,Maryland,495
Prince George's,Maryland,1081
Queen Anne's,Maryland,-2
Somerset,Maryland,-2
St. Mary's,Maryland,-1
Talbot,Maryland,-2
Washington,Maryland,-1
Wicomico,Maryland,393
Worcester,Maryland,-2
Barnstable,Massachusetts,-2
Berkshire,Massachusetts,-2
Bristol,Massachusetts,-2
Dukes,Massachusetts,-2
Essex,Massachusetts,347
Franklin,Massachusetts,-2
Hampden,Massachusetts,-2
Hampshire,Massachusetts,-2
Middlesex,Massachusetts,368
Nantucket,Massachusetts,-2
Norfolk,Massachusetts,323
Plymouth,Massachusetts,-2
Suffolk,Massachusetts,1441
Worcester,Massachusetts,360
Alcona,Michigan,-1
Alger,Michigan,152
Allegan,Michigan,183
Alpena,Michigan,-1
Antrim,Michigan,74
Arenac,Michigan,-1
Baraga,Michigan,189
Barry,Michigan,46
Bay,Michigan,-1
Benzie,Michigan,63
Berrien,Michigan,-1
Branch,Michigan,62
Calhoun,Michigan,174
Cass,Michigan,46
Charlevoix,Michigan,53
Cheboygan,Michigan,69
Chippewa,Michigan,-1
Clare,Michigan,149
Clinton,Michigan,-1
Crawford,Michigan,-1
Delta,Michigan,54
Dickinson,Michigan,-1
Eaton,Michigan,-1
Emmet,Michigan,45
Genesee,Michigan,140
Gladwin,Michigan,44
Gogebic,Michigan,78
Grand Traverse,Michigan,-1
Gratiot,Michigan,-1
Hillsdale,Michigan,67
Houghton,Michigan,76
Huron,Michigan,-1
Ingham,Michigan,207
Ionia,Michigan,-1
Iosco,Michigan,-1
Iron,Michigan,91
Isabella,Michigan,-1
Jackson,Michigan,-1
Kalamazoo,Michigan,203
Kalkaska,Michigan,-1
Kent,Michigan,205
Keweenaw,Michigan,-1
Lake,Michigan,138
Lapeer,Michigan,-1
Leelanau,Michigan,-1
Lenawee,Michigan,72
Livingston,Michigan,-1
Luce,Michigan,-1
Mackinac,Michigan,-1
Macomb,Michigan,132
Manistee,Michigan,83
Marquette,Michigan,-1
Mason,Michigan,58
Mecosta,Michigan,62
Menominee,Michigan,51
Midland,Michigan,-1
Missaukee,Michigan,-1
Monroe,Michigan,-1
Montcalm,Michigan,-1
Montmorency,Michigan,143
Muskegon,Michigan,131
Newaygo,Michigan,-1
Oakland,Michigan,200
Oceana,Michigan,-1
Ogemaw,Michigan,-1
Ontonagon,Michigan,-1
Osceola,Michigan,80
Oscoda,Michigan,-1
Otsego,Michigan,86
Ottawa,Michigan,61
Presque Isle,Michigan,76
Roscommon,Michigan,55
Saginaw,Michigan,135
Sanilac,Michigan,-1
Schoolcraft,Michigan,-1
Shiawassee,Michigan,-1
St. Clair,Michigan,61
St. Joseph,Michigan,-1
Tuscola,Michigan,46
Van Buren,Michigan,101
Washtenaw,Michigan,223
Wayne,Michigan,443
Wexford,Michigan,-1
Aitkin,Minnesota,-1
Anoka,Minnesota,132
Becker,Minnesota,-1
Beltrami,Minnesota,-1
Benton,Minnesota,74
Big Stone,Minnesota,0
Blue Earth,Minnesota,-1
Brown,Minnesota,66
Carlton,Minnesota,-1
Carver,Minnesota,-1
Cass,Minnesota,38
Chippewa,Minnesota,-1
Chisago,Minnesota,67
Clay,Minnesota,-1
Clearwater,Minnesota,-1
Cook,Minnesota,-1
Cottonwood,Minnesota,-1
Crow Wing,Minnesota,47
Dakota,Minnesota,131
Dodge,Minnesota,-1
Douglas,Minnesota,34
Faribault,Minnesota,-1
Fillmore,Minnesota,-1
Freeborn,Minnesota,43
Goodhue,Minnesota,48
Grant,Minnesota,-1
Hennepin,Minnesota,495
Houston,Minnesota,-1
Hubbard,Minnesota,-1
Isanti,Minnesota,62
Itasca,Minnesota,54
Jackson,Minnesota,-1
Kanabec,Minnesota,-1
Kandiyohi,Minnesota,35
Kittson,Minnesota,-1
Koochiching,Minnesota,0
Lac qui Parle,Minnesota,-1
Lake,Minnesota,-1
Lake of the Woods,Minnesota,-1
Le Sueur,Minnesota,53
Lincoln,Minnesota,-1
Lyon,Minnesota,-1
Mahnomen,Minnesota,-1
Marshall,Minnesota,-1
Martin,Minnesota,91
McLeod,Minnesota,92
Meeker,Minnesota,97
Mille Lacs,Minnesota,124
Morrison,Minnesota,68
Mower,Minnesota,-1
Murray,Minnesota,-1
Nicollet,Minnesota,-1
Nobles,Minnesota,-1
Norman,Minnesota,-1
Olmsted,Minnesota,196
Otter Tail,Minnesota,38
Pennington,Minnesota,-1
Pine,Minnesota,140
Pipestone,Minnesota,-1
Polk,Minnesota,49
Pope,Minnesota,-1
Ramsey,Minnesota,331
Red Lake,Minnesota,-1
Redwood,Minnesota,-1
Renville,Minnesota,-1
Rice,Minnesota,-1
Rock,Minnesota,-1
Roseau,Minnesota,0
Scott,Minnesota,-1
Sherburne,Minnesota,-1
Sibley,Minnesota,-1
St. Louis,Minnesota,-1
Stearns,Minnesota,61
Steele,Minnesota,-1
Stevens,Minnesota,-1
Swift,Minnesota,-1
Todd,Minnesota,-1
Traverse,Minnesota,-1
Wabasha,Minnesota,-1
Wadena,Minnesota,-1
Waseca,Minnesota,-1
Washington,Minnesota,120
Watonwan,Minnesota,-1
Wilkin,Minnesota,-1
Winona,Minnesota,39
Wright,Minnesota,-1
Yellow Medicine,Minnesota,-1
Adams,Mississippi,-1
Alcorn,Mississippi,-1
Amite,Mississippi,-1
Attala,Mississippi,187
Benton,Mississippi,280
Bolivar,Mississippi,461
Calhoun,Mississippi,146
Carroll,Mississippi,230
Chickasaw,Mississippi,172
Choctaw,Mississippi,-1
Claiborne,Mississippi,319
Clarke,Mississippi,-1
Clay,Mississippi,-1
Coahoma,Mississippi,971
Copiah,Mississippi,-1
Covington,Mississippi,318
DeSoto,Mississippi,202
Forrest,Mississippi,661
Franklin,Mississippi,253
George,Mississippi,-1
Greene,Mississippi,541
Grenada,Mississippi,397
Hancock,Mississippi,-1
Harrison,Mississippi,403
Hinds,Mississippi,1114
Holmes,Mississippi,-1
Humphreys,Mississippi,197
Issaquena,Mississippi,-1
Itawamba,Mississippi,-1
Jackson,Mississippi,240
Jasper,Mississippi,158
Jefferson,Mississippi,306
Jefferson Davis,Mississippi,-1
Jones,Mississippi,263
Kemper,Mississippi,-1
Lafayette,Mississippi,136
Lamar,Mississippi,117
Lauderdale,Mississippi,330
Lawrence,Mississippi,-1
Leake,Mississippi,207
Lee,Mississippi,236
Leflore,Mississippi,556
Lincoln,Mississippi,-1
Lowndes,Mississippi,317
Madison,Mississippi,288
Marion,Mississippi,-1
Marshall,Mississippi,-1
Monroe,Mississippi,-1
Montgomery,Mississippi,-1
Neshoba,Mississippi,-1
Newton,Mississippi,-1
Noxubee,Mississippi,-1
Oktibbeha,Mississippi,200
Panola,Mississippi,-1
Pearl River,Mississippi,-1
Perry,Mississippi,-1
Pike,Mississippi,437
Pontotoc,Mississippi,-1
Prentiss,Mississippi,102
Quitman,Mississippi,362
Rankin,Mississippi,291
Scott,Mississippi,338
Sharkey,Mississippi,-1
Simpson,Mississippi,-1
Smith,Mississippi,92
Stone,Mississippi,194
Sunflower,Mississippi,822
Tallahatchie,Mississippi,-1
Tate,Mississippi,138
Tippah,Mississippi,242
Tishomingo,Mississippi,-1
Tunica,Mississippi,-1
Union,Mississippi,108
Walthall,Mississippi,265
Warren,Mississippi,342
Washington,Mississippi,512
Wayne,Mississippi,217
Webster,Mississippi,-1
Wilkinson,Mississippi,-1
Winston,Mississippi,161
Yalobusha,Mississippi,115
Yazoo,Mississippi,-1
Adair,Missouri,-1
Andrew,Missouri,133
Atchison,Missouri,-1
Audrain,Missouri,62
Barry,Missouri,219
Barton,Missouri,-1
Bates,Missouri,159
Benton,Missouri,-1
Bollinger,Missouri,155
Boone,Missouri,210
Buchanan,Missouri,185
Butler,Missouri,64
Caldwell,Missouri,286
Callaway,Missouri,164
Camden,Missouri,73
Cape Girardeau,Missouri,-1
Carroll,Missouri,-1
Carter,Missouri,-1
Cass,Missouri,-1
Cedar,Missouri,-1
Chariton,Missouri,-1
Christian,Missouri,-1
Clark,Missouri,-1
Clay,Missouri,251
Clinton,Missouri,72
Cole,Missouri,-1
Cooper,Missouri,-1
Crawford,Missouri,154
Dade,Missouri,-1
Dallas,Missouri,-1
Daviess,Missouri,-1
DeKalb,Missouri,-1
Dent,Missouri,237
Douglas,Missouri,-1
Dunklin,Missouri,118
Franklin,Missouri,96
Gasconade,Missouri,86
Gentry,Missouri,-1
Greene,Missouri,294
Grundy,Missouri,-1
Harrison,Missouri,-1
Henry,Missouri,133
Hickory,Missouri,-1
Holt,Missouri,0
Howard,Missouri,-1
Howell,Missouri,74
Iron,Missouri,131
Jackson,Missouri,537
Jasper,Missouri,-1
Jefferson,Missouri,126
Johnson,Missouri,-1
Knox,Missouri,-1
Laclede,Missouri,61
Lafayette,Missouri,45
Lawrence,Missouri,90
Lewis,Missouri,-1
Lincoln,Missouri,118
Linn,Missouri,-1
Livingston,Missouri,-1
Macon,Missouri,-1
Madison,Missouri,-1
Maries,Missouri,-1
Marion,Missouri,109
McDonald,Missouri,-1
Mercer,Missouri,-1
Miller,Missouri,-1
Mississippi,Missouri,224
Moniteau,Missouri,240
Monroe,Missouri,-1
Montgomery,Missouri,-1
Morgan,Missouri,-1
New Madrid,Missouri,-1
Newton,Missouri,42
Nodaway,Missouri,-1
Oregon,Missouri,-1
Osage,Missouri,-1
Ozark,Missouri,-1
Pemiscot,Missouri,-1
Perry,Missouri,-1
Pettis,Missouri,77
Phelps,Missouri,38
Pike,Missouri,105
Platte,Missouri,-1
Polk,Missouri,-1
Pulaski,Missouri,129
Putnam,Missouri,-1
Ralls,Missouri,-1
Randolph,Missouri,82
Ray,Missouri,-1
Reynolds,Missouri,-1
Ripley,Missouri,-1
Saline,Missouri,-1
Schuyler,Missouri,-1
Scotland,Missouri,-1
Scott,Missouri,57
Shannon,Missouri,-1
Shelby,Missouri,-1
St. Charles,Missouri,89
St. Clair,Missouri,-1
St. Francois,Missouri,-1
St. Louis,Missouri,267
St. Louis,Missouri,1278
Ste. Genevieve,Missouri,-1
Stoddard,Missouri,-1
Stone,Missouri,44
Sullivan,Missouri,-1
Taney,Missouri,98
Texas,Missouri,-1
Vernon,Missouri,128
Warren,Missouri,97
Washington,Missouri,125
Wayne,Missouri,-1
Webster,Missouri,105
Worth,Missouri,0
Wright,Missouri,97
Beaverhead,Montana,-1
Big Horn,Montana,-1
Blaine,Montana,-1
Broadwater,Montana,0
Carbon,Montana,-1
Carter,Montana,-1
Cascade,Montana,-1
Chouteau,Montana,0
Custer,Montana,-1
Daniels,Montana,-1
Dawson,Montana,-1
Deer Lodge,Montana,-1
Fallon,Montana,0
Fergus,Montana,-1
Flathead,Montana,56
Gallatin,Montana,-1
Garfield,Montana,0
Glacier,Montana,-1
Golden Valley,Montana,-1
Granite,Montana,-1
Hill,Montana,-1
Jefferson,Montana,-1
Judith Basin,Montana,-1
Lake,Montana,-1
Lewis and Clark,Montana,-1
Liberty,Montana,0
Lincoln,Montana,-1
Madison,Montana,-1
McCone,Montana,0
Meagher,Montana,-1
Mineral,Montana,-1
Missoula,Montana,-1
Musselshell,Montana,-1
Park,Montana,-1
Petroleum,Montana,0
Phillips,Montana,-1
Pondera,Montana,0
Powder River,Montana,0
Powell,Montana,-1
Prairie,Montana,0
Ravalli,Montana,66
Richland,Montana,-1
Roosevelt,Montana,-1
Rosebud,Montana,-1
Sanders,Montana,-1
Sheridan,Montana,-1
Silver Bow,Montana,85
Stillwater,Montana,-1
Sweet Grass,Montana,0
Teton,Montana,-1
Toole,Montana,-1
Treasure,Montana,0
Valley,Montana,-1
Wheatland,Montana,0
Wibaux,Montana,-1
Yellowstone,Montana,-1
Adams,Nebraska,-1
Antelope,Nebraska,0
Arthur,Nebraska,0
Banner,Nebraska,0
Blaine,Nebraska,-1
Boone,Nebraska,0
Box Butte,Nebraska,-1
Boyd,Nebraska,-1
Brown,Nebraska,-1
Buffalo,Nebraska,-1
Burt,Nebraska,-1
Butler,Nebraska,0
Cass,Nebraska,-1
Cedar,Nebraska,-1
Chase,Nebraska,0
Cherry,Nebraska,0
Cheyenne,Nebraska,-1
Clay,Nebraska,-1
Colfax,Nebraska,-1
Cuming,Nebraska,-1
Custer,Nebraska,-1
Dakota,Nebraska,-1
Dawes,Nebraska,-1
Dawson,Nebraska,-1
Deuel,Nebraska,0
Dixon,Nebraska,0
Dodge,Nebraska,-1
Douglas,Nebraska,76
Dundy,Nebraska,-1
Fillmore,Nebraska,0
Franklin,Nebraska,0
Frontier,Nebraska,-1
Furnas,Nebraska,0
Gage,Nebraska,-1
Garden,Nebraska,0
Garfield,Nebraska,0
Gosper,Nebraska,-1
Grant,Nebraska,0
Greeley,Nebraska,0
Hall,Nebraska,-1
Hamilton,Nebraska,0
Harlan,Nebraska,0
Hayes,Nebraska,-1
Hitchcock,Nebraska,-1
Holt,Nebraska,-1
Hooker,Nebraska,0
Howard,Nebraska,0
Jefferson,Nebraska,-1
Johnson,Nebraska,0
Kearney,Nebraska,0
Keith,Nebraska,-1
Keya Paha,Nebraska,0
Kimball,Nebraska,0
Knox,Nebraska,-1
Lancaster,Nebraska,51
Lincoln,Nebraska,-1
Logan,Nebraska,0
Loup,Nebraska,0
Madison,Nebraska,47
McPherson,Nebraska,0
Merrick,Nebraska,-1
Morrill,Nebraska,-1
Nance,Nebraska,0
Nemaha,Nebraska,-1
Nuckolls,Nebraska,0
Otoe,Nebraska,-1
Pawnee,Nebraska,0
Perkins,Nebraska,0
Phelps,Nebraska,-1
Pierce,Nebraska,0
Platte,Nebraska,-1
Polk,Nebraska,-1
Red Willow,Nebraska,0
Richardson,Nebraska,-1
Rock,Nebraska,-1
Saline,Nebraska,-1
Sarpy,Nebraska,-1
Saunders,Nebraska,0
Scotts Bluff,Nebraska,-1
Seward,Nebraska,0
Sheridan,Nebraska,-1
Sherman,Nebraska,0
Sioux,Nebraska,-1
Stanton,Nebraska,-1
Thayer,Nebraska,-1
Thomas,Nebraska,0
Thurston,Nebraska,-1
Valley,Nebraska,0
Washington,Nebraska,0
Wayne,Nebraska,0
Webster,Nebraska,0
Wheeler,Nebraska,0
York,Nebraska,-1
Carson City,Nevada,-1
Churchill,Nevada,107
Clark,Nevada,473
Douglas,Nevada,-1
Elko,Nevada,91
Esmeralda,Nevada,-1
Eureka,Nevada,-1
Humboldt,Nevada,-1
Lander,Nevada,-1
Lincoln,Nevada,0
Lyon,Nevada,142
Mineral,Nevada,-1
Nye,Nevada,229
Pershing,Nevada,-1
Storey,Nevada,-1
Washoe,Nevada,320
White Pine,Nevada,-1
Belknap,New Hampshire,-2
Carroll,New Hampshire,-2
Cheshire,New Hampshire,-2
Coos,New Hampshire,-2
Grafton,New Hampshire,-2
Hillsborough,New Hampshire,-2
Merrimack,New Hampshire,-2
Rockingham,New Hampshire,-2
Strafford,New Hampshire,-2
Sullivan,New Hampshire,-2
Atlantic,New Jersey,686
Bergen,New Jersey,304
Burlington,New Jersey,287
Camden,New Jersey,485
Cape May,New Jersey,-1
Cumberland,New Jersey,-1
Essex,New Jersey,2030
Gloucester,New Jersey,176
Hudson,New Jersey,1394
Hunterdon,New Jersey,195
Mercer,New Jersey,618
Middlesex,New Jersey,404
Monmouth,New Jersey,425
Morris,New Jersey,259
Ocean,New Jersey,186
Passaic,New Jersey,826
Salem,New Jersey,-1
Somerset,New Jersey,279
Sussex,New Jersey,-1
Union,New Jersey,767
Warren,New Jersey,-1
Bernalillo,New Mexico,320
Catron,New Mexico,-1
Chaves,New Mexico,-1
Cibola,New Mexico,291
Colfax,New Mexico,-1
Curry,New Mexico,96
De Baca,New Mexico,0
Do??a Ana,New Mexico,241
Eddy,New Mexico,-1
Grant,New Mexico,137
Guadalupe,New Mexico,-1
Harding,New Mexico,0
Hidalgo,New Mexico,-1
Lea,New Mexico,-1
Lincoln,New Mexico,-1
Los Alamos,New Mexico,-1
Luna,New Mexico,65
McKinley,New Mexico,-1
Mora,New Mexico,-1
Otero,New Mexico,-1
Quay,New Mexico,-1
Rio Arriba,New Mexico,-1
Roosevelt,New Mexico,-1
San Juan,New Mexico,-1
San Miguel,New Mexico,94
Sandoval,New Mexico,-1
Santa Fe,New Mexico,-1
Sierra,New Mexico,-1
Socorro,New Mexico,-1
Taos,New Mexico,216
Torrance,New Mexico,420
Union,New Mexico,-1
Valencia,New Mexico,160
Albany,New York,600
Allegany,New York,90
Bronx,New York,3520
Broome,New York,263
Cattaraugus,New York,131
Cayuga,New York,-1
Chautauqua,New York,-1
Chemung,New York,-1
Chenango,New York,-1
Clinton,New York,-1
Columbia,New York,-1
Cortland,New York,-1
Delaware,New York,-1
Dutchess,New York,477
Erie,New York,308
Essex,New York,-1
Franklin,New York,-1
Fulton,New York,190
Genesee,New York,-1
Greene,New York,-1
Hamilton,New York,-1
Herkimer,New York,93
Jefferson,New York,326
Kings,New York,1784
Lewis,New York,65
Livingston,New York,-1
Madison,New York,137
Monroe,New York,464
Montgomery,New York,-1
Nassau,New York,310
New York,New York,2889
Niagara,New York,143
Oneida,New York,-1
Onondaga,New York,325
Ontario,New York,-1
Orange,New York,481
Orleans,New York,730
Oswego,New York,-1
Otsego,New York,-1
Putnam,New York,-1
Queens,New York,1041
Rensselaer,New York,313
Richmond,New York,712
Rockland,New York,373
Saratoga,New York,-1
Schenectady,New York,412
Schoharie,New York,-1
Schuyler,New York,-1
Seneca,New York,-1
St. Lawrence,New York,-1
Steuben,New York,-1
Suffolk,New York,292
Sullivan,New York,-1
Tioga,New York,-1
Tompkins,New York,-1
Ulster,New York,489
Warren,New York,-1
Washington,New York,328
Wayne,New York,-1
Westchester,New York,571
Wyoming,New York,436
Yates,New York,67
Alamance,North Carolina,330
Alexander,North Carolina,-1
Alleghany,North Carolina,-1
Anson,North Carolina,258
Ashe,North Carolina,-1
Avery,North Carolina,-1
Beaufort,North Carolina,247
Bertie,North Carolina,-1
Bladen,North Carolina,-1
Brunswick,North Carolina,-1
Buncombe,North Carolina,383
Burke,North Carolina,-1
Cabarrus,North Carolina,241
Caldwell,North Carolina,125
Camden,North Carolina,-1
Carteret,North Carolina,-1
Caswell,North Carolina,-1
Catawba,North Carolina,-1
Chatham,North Carolina,-1
Cherokee,North Carolina,-1
Chowan,North Carolina,121
Clay,North Carolina,-1
Cleveland,North Carolina,254
Columbus,North Carolina,329
Craven,North Carolina,320
Cumberland,North Carolina,631
Currituck,North Carolina,112
Dare,North Carolina,85
Davidson,North Carolina,198
Davie,North Carolina,100
Duplin,North Carolina,-1
Durham,North Carolina,846
Edgecombe,North Carolina,546
Forsyth,North Carolina,561
Franklin,North Carolina,249
Gaston,North Carolina,377
Gates,North Carolina,156
Graham,North Carolina,-1
Granville,North Carolina,561
Greene,North Carolina,-1
Guilford,North Carolina,523
Halifax,North Carolina,429
Harnett,North Carolina,359
Haywood,North Carolina,163
Henderson,North Carolina,-1
Hertford,North Carolina,530
Hoke,North Carolina,478
Hyde,North Carolina,-1
Iredell,North Carolina,131
Jackson,North Carolina,129
Johnston,North Carolina,316
Jones,North Carolina,184
Lee,North Carolina,440
Lenoir,North Carolina,494
Lincoln,North Carolina,96
Macon,North Carolina,-1
Madison,North Carolina,-1
Martin,North Carolina,-1
McDowell,North Carolina,-1
Mecklenburg,North Carolina,767
Mitchell,North Carolina,82
Montgomery,North Carolina,123
Moore,North Carolina,173
Nash,North Carolina,377
New Hanover,North Carolina,366
Northampton,North Carolina,-1
Onslow,North Carolina,245
Orange,North Carolina,375
Pamlico,North Carolina,98
Pasquotank,North Carolina,370
Pender,North Carolina,-1
Perquimans,North Carolina,116
Person,North Carolina,-1
Pitt,North Carolina,465
Polk,North Carolina,127
Randolph,North Carolina,153
Richmond,North Carolina,-1
Robeson,North Carolina,415
Rockingham,North Carolina,-1
Rowan,North Carolina,305
Rutherford,North Carolina,-1
Sampson,North Carolina,-1
Scotland,North Carolina,336
Stanly,North Carolina,-1
Stokes,North Carolina,102
Surry,North Carolina,-1
Swain,North Carolina,-1
Transylvania,North Carolina,-1
Tyrrell,North Carolina,-1
Union,North Carolina,154
Vance,North Carolina,549
Wake,North Carolina,428
Warren,North Carolina,-1
Washington,North Carolina,-1
Watauga,North Carolina,96
Wayne,North Carolina,334
Wilkes,North Carolina,-1
Wilson,North Carolina,554
Yadkin,North Carolina,-1
Yancey,North Carolina,-1
Adams,North Dakota,-2
Barnes,North Dakota,-2
Benson,North Dakota,-2
Billings,North Dakota,-2
Bottineau,North Dakota,-2
Bowman,North Dakota,-2
Burke,North Dakota,-2
Burleigh,North Dakota,-2
Cass,North Dakota,-2
Cavalier,North Dakota,-2
Dickey,North Dakota,-2
Divide,North Dakota,-2
Dunn,North Dakota,-2
Eddy,North Dakota,-2
Emmons,North Dakota,-2
Foster,North Dakota,-2
Golden Valley,North Dakota,-2
Grand Forks,North Dakota,-2
Grant,North Dakota,-2
Griggs,North Dakota,-2
Hettinger,North Dakota,-2
Kidder,North Dakota,-2
LaMoure,North Dakota,-2
Logan,North Dakota,-2
McHenry,North Dakota,-2
McIntosh,North Dakota,-2
McKenzie,North Dakota,-2
McLean,North Dakota,-2
Mercer,North Dakota,-2
Morton,North Dakota,-2
Mountrail,North Dakota,-2
Nelson,North Dakota,-2
Oliver,North Dakota,-2
Pembina,North Dakota,-2
Pierce,North Dakota,-2
Ramsey,North Dakota,-2
Ransom,North Dakota,-2
Renville,North Dakota,-2
Richland,North Dakota,-2
Rolette,North Dakota,-2
Sargent,North Dakota,-2
Sheridan,North Dakota,-2
Sioux,North Dakota,-2
Slope,North Dakota,-2
Stark,North Dakota,-2
Steele,North Dakota,-2
Stutsman,North Dakota,-2
Towner,North Dakota,-2
Traill,North Dakota,-2
Walsh,North Dakota,-2
Ward,North Dakota,-2
Wells,North Dakota,-2
Williams,North Dakota,-2
Adams,Ohio,-1
Allen,Ohio,-1
Ashland,Ohio,-1
Ashtabula,Ohio,133
Athens,Ohio,114
Auglaize,Ohio,79
Belmont,Ohio,86
Brown,Ohio,88
Butler,Ohio,130
Carroll,Ohio,-1
Champaign,Ohio,131
Clark,Ohio,-1
Clermont,Ohio,75
Clinton,Ohio,-1
Columbiana,Ohio,-1
Coshocton,Ohio,72
Crawford,Ohio,75
Cuyahoga,Ohio,462
Darke,Ohio,-1
Defiance,Ohio,80
Delaware,Ohio,-1
Erie,Ohio,103
Fairfield,Ohio,127
Fayette,Ohio,-1
Franklin,Ohio,509
Fulton,Ohio,79
Gallia,Ohio,-1
Geauga,Ohio,38
Greene,Ohio,133
Guernsey,Ohio,-1
Hamilton,Ohio,420
Hancock,Ohio,-1
Hardin,Ohio,-1
Harrison,Ohio,-1
Henry,Ohio,-1
Highland,Ohio,-1
Hocking,Ohio,132
Holmes,Ohio,-1
Huron,Ohio,70
Jackson,Ohio,-1
Jefferson,Ohio,-1
Knox,Ohio,-1
Lake,Ohio,99
Lawrence,Ohio,-1
Licking,Ohio,133
Logan,Ohio,59
Lorain,Ohio,164
Lucas,Ohio,265
Madison,Ohio,-1
Mahoning,Ohio,282
Marion,Ohio,-1
Medina,Ohio,-1
Meigs,Ohio,73
Mercer,Ohio,44
Miami,Ohio,-1
Monroe,Ohio,-1
Montgomery,Ohio,317
Morgan,Ohio,147
Morrow,Ohio,-1
Muskingum,Ohio,-1
Noble,Ohio,-1
Ottawa,Ohio,34
Paulding,Ohio,-1
Perry,Ohio,69
Pickaway,Ohio,-1
Pike,Ohio,110
Portage,Ohio,89
Preble,Ohio,-1
Putnam,Ohio,45
Richland,Ohio,135
Ross,Ohio,-1
Sandusky,Ohio,-1
Scioto,Ohio,91
Seneca,Ohio,66
Shelby,Ohio,-1
Stark,Ohio,130
Summit,Ohio,205
Trumbull,Ohio,-1
Tuscarawas,Ohio,-1
Union,Ohio,157
Van Wert,Ohio,-1
Vinton,Ohio,-1
Warren,Ohio,96
Washington,Ohio,77
Wayne,Ohio,-1
Williams,Ohio,127
Wood,Ohio,87
Wyandot,Ohio,-1
Adair,Oklahoma,-1
Alfalfa,Oklahoma,-1
Atoka,Oklahoma,-1
Beaver,Oklahoma,-1
Beckham,Oklahoma,-1
Blaine,Oklahoma,-1
Bryan,Oklahoma,-1
Caddo,Oklahoma,-1
Canadian,Oklahoma,-1
Carter,Oklahoma,-1
Cherokee,Oklahoma,110
Choctaw,Oklahoma,135
Cimarron,Oklahoma,0
Cleveland,Oklahoma,120
Coal,Oklahoma,-1
Comanche,Oklahoma,190
Cotton,Oklahoma,-1
Craig,Oklahoma,-1
Creek,Oklahoma,-1
Custer,Oklahoma,110
Delaware,Oklahoma,56
Dewey,Oklahoma,0
Ellis,Oklahoma,-1
Garfield,Oklahoma,102
Garvin,Oklahoma,58
Grady,Oklahoma,-1
Grant,Oklahoma,-1
Greer,Oklahoma,-1
Harmon,Oklahoma,-1
Harper,Oklahoma,-1
Haskell,Oklahoma,-1
Hughes,Oklahoma,121
Jackson,Oklahoma,106
Jefferson,Oklahoma,-1
Johnston,Oklahoma,-1
Kay,Oklahoma,-1
Kingfisher,Oklahoma,126
Kiowa,Oklahoma,-1
Latimer,Oklahoma,-1
Le Flore,Oklahoma,121
Lincoln,Oklahoma,-1
Logan,Oklahoma,86
Love,Oklahoma,-1
Major,Oklahoma,-1
Marshall,Oklahoma,96
Mayes,Oklahoma,-1
McClain,Oklahoma,-1
McCurtain,Oklahoma,78
McIntosh,Oklahoma,-1
Murray,Oklahoma,-1
Muskogee,Oklahoma,-1
Noble,Oklahoma,157
Nowata,Oklahoma,-1
Okfuskee,Oklahoma,189
Oklahoma,Oklahoma,356
Okmulgee,Oklahoma,129
Osage,Oklahoma,161
Ottawa,Oklahoma,52
Pawnee,Oklahoma,-1
Payne,Oklahoma,-1
Pittsburg,Oklahoma,55
Pontotoc,Oklahoma,-1
Pottawatomie,Oklahoma,-1
Pushmataha,Oklahoma,-1
Roger Mills,Oklahoma,-1
Rogers,Oklahoma,-1
Seminole,Oklahoma,140
Sequoyah,Oklahoma,155
Stephens,Oklahoma,-1
Texas,Oklahoma,-1
Tillman,Oklahoma,0
Tulsa,Oklahoma,322
Wagoner,Oklahoma,-1
Washington,Oklahoma,-1
Washita,Oklahoma,-1
Woods,Oklahoma,0
Woodward,Oklahoma,142
Baker,Oregon,131
Benton,Oregon,98
Clackamas,Oregon,203
Clatsop,Oregon,-1
Columbia,Oregon,-1
Coos,Oregon,129
Crook,Oregon,-1
Curry,Oregon,-1
Deschutes,Oregon,-1
Douglas,Oregon,-1
Gilliam,Oregon,-1
Grant,Oregon,-1
Harney,Oregon,-1
Hood River,Oregon,143
Jackson,Oregon,-1
Jefferson,Oregon,-1
Josephine,Oregon,-1
Klamath,Oregon,-1
Lake,Oregon,-1
Lane,Oregon,167
Lincoln,Oregon,-1
Linn,Oregon,-1
Malheur,Oregon,-1
Marion,Oregon,186
Morrow,Oregon,-1
Multnomah,Oregon,668
Polk,Oregon,91
Sherman,Oregon,-1
Tillamook,Oregon,111
Umatilla,Oregon,-1
Union,Oregon,78
Wallowa,Oregon,-1
Wasco,Oregon,-1
Washington,Oregon,187
Wheeler,Oregon,0
Yamhill,Oregon,-1
Adams,Pennsylvania,182
Allegheny,Pennsylvania,308
Armstrong,Pennsylvania,91
Beaver,Pennsylvania,90
Bedford,Pennsylvania,95
Berks,Pennsylvania,392
Blair,Pennsylvania,-1
Bradford,Pennsylvania,66
Bucks,Pennsylvania,213
Butler,Pennsylvania,-1
Cambria,Pennsylvania,-1
Cameron,Pennsylvania,-1
Carbon,Pennsylvania,-1
Centre,Pennsylvania,176
Chester,Pennsylvania,182
Clarion,Pennsylvania,-1
Clearfield,Pennsylvania,-1
Clinton,Pennsylvania,79
Columbia,Pennsylvania,-1
Crawford,Pennsylvania,-1
Cumberland,Pennsylvania,173
Dauphin,Pennsylvania,541
Delaware,Pennsylvania,370
Elk,Pennsylvania,42
Erie,Pennsylvania,167
Fayette,Pennsylvania,-1
Forest,Pennsylvania,-1
Franklin,Pennsylvania,-1
Fulton,Pennsylvania,-1
Greene,Pennsylvania,106
Huntingdon,Pennsylvania,125
Indiana,Pennsylvania,73
Jefferson,Pennsylvania,-1
Juniata,Pennsylvania,91
Lackawanna,Pennsylvania,241
Lancaster,Pennsylvania,196
Lawrence,Pennsylvania,-1
Lebanon,Pennsylvania,279
Lehigh,Pennsylvania,490
Luzerne,Pennsylvania,164
Lycoming,Pennsylvania,-1
McKean,Pennsylvania,64
Mercer,Pennsylvania,-1
Mifflin,Pennsylvania,-1
Monroe,Pennsylvania,306
Montgomery,Pennsylvania,150
Montour,Pennsylvania,149
Northampton,Pennsylvania,-1
Northumberland,Pennsylvania,113
Perry,Pennsylvania,56
Philadelphia,Pennsylvania,1690
Pike,Pennsylvania,-1
Potter,Pennsylvania,74
Schuylkill,Pennsylvania,-1
Snyder,Pennsylvania,103
Somerset,Pennsylvania,-1
Sullivan,Pennsylvania,-1
Susquehanna,Pennsylvania,-1
Tioga,Pennsylvania,78
Union,Pennsylvania,319
Venango,Pennsylvania,82
Warren,Pennsylvania,32
Washington,Pennsylvania,-1
Wayne,Pennsylvania,94
Westmoreland,Pennsylvania,-1
Wyoming,Pennsylvania,-1
York,Pennsylvania,248
Adjuntas,Puerto Rico,-1
Aguada,Puerto Rico,52
Aguadilla,Puerto Rico,303
Aguas Buenas,Puerto Rico,-1
Aibonito,Puerto Rico,-1
Añasco,Puerto Rico,224
Arecibo,Puerto Rico,500
Arroyo,Puerto Rico,471
Barceloneta,Puerto Rico,-1
Barranquitas,Puerto Rico,-1
Bayamón,Puerto Rico,755
Cabo Rojo,Puerto Rico,161
Caguas,Puerto Rico,-1
Camuy,Puerto Rico,-1
Canóvanas,Puerto Rico,-1
Carolina,Puerto Rico,576
Cataño,Puerto Rico,-1
Cayey,Puerto Rico,-1
Ceiba,Puerto Rico,375
Ciales,Puerto Rico,454
Cidra,Puerto Rico,-1
Coamo,Puerto Rico,173
Comerío,Puerto Rico,-1
Corozal,Puerto Rico,-1
Culebra,Puerto Rico,-1
Dorado,Puerto Rico,-1
Fajardo,Puerto Rico,-1
Florida,Puerto Rico,355
Guánica,Puerto Rico,-1
Guayama,Puerto Rico,-1
Guayanilla,Puerto Rico,-1
Guaynabo,Puerto Rico,-1
Gurabo,Puerto Rico,-1
Hatillo,Puerto Rico,-1
Hormigueros,Puerto Rico,139
Humacao,Puerto Rico,-1
Isabela,Puerto Rico,170
Jayuya,Puerto Rico,161
Juana Díaz,Puerto Rico,504
Juncos,Puerto Rico,-1
Lajas,Puerto Rico,-1
Lares,Puerto Rico,150
Las Mar?­as,Puerto Rico,-1
Las Piedras,Puerto Rico,-1
Loíza,Puerto Rico,-1
Luquillo,Puerto Rico,-1
Manatí,Puerto Rico,-1
Maricao,Puerto Rico,-1
Maunabo,Puerto Rico,318
Mayagüez,Puerto Rico,-1
Moca,Puerto Rico,183
Morovis,Puerto Rico,-1
Naguabo,Puerto Rico,-1
Naranjito,Puerto Rico,-1
Orocovis,Puerto Rico,-1
Patillas,Puerto Rico,312
Peñuelas,Puerto Rico,263
Ponce,Puerto Rico,-1
Quebradillas,Puerto Rico,284
Rincón,Puerto Rico,232
Rí­o Grande,Puerto Rico,-1
Sabana Grande,Puerto Rico,112
Salinas,Puerto Rico,307
San Germán,Puerto Rico,120
San Juan,Puerto Rico,1460
San Lorenzo,Puerto Rico,-1
San Sebastián,Puerto Rico,205
Santa Isabel,Puerto Rico,475
Toa Alta,Puerto Rico,-1
Toa Baja,Puerto Rico,734
Trujillo Alto,Puerto Rico,-1
Utuado,Puerto Rico,125
Vega Alta,Puerto Rico,-1
Vega Baja,Puerto Rico,546
Vieques,Puerto Rico,514
Villalba,Puerto Rico,205
Yabucoa,Puerto Rico,-1
Yauco,Puerto Rico,-1
Bristol,Rhode Island,40
Kent,Rhode Island,-1
Newport,Rhode Island,-1
Providence,Rhode Island,203
Washington,Rhode Island,-1
Abbeville,South Carolina,-1
Aiken,South Carolina,369
Allendale,South Carolina,-1
Anderson,South Carolina,211
Bamberg,South Carolina,-1
Barnwell,South Carolina,809
Beaufort,South Carolina,168
Berkeley,South Carolina,275
Calhoun,South Carolina,-1
Charleston,South Carolina,544
Cherokee,South Carolina,-1
Chester,South Carolina,313
Chesterfield,South Carolina,-1
Clarendon,South Carolina,-1
Colleton,South Carolina,503
Darlington,South Carolina,456
Dillon,South Carolina,654
Dorchester,South Carolina,333
Edgefield,South Carolina,-1
Fairfield,South Carolina,-1
Florence,South Carolina,671
Georgetown,South Carolina,362
Greenville,South Carolina,320
Greenwood,South Carolina,381
Hampton,South Carolina,-1
Horry,South Carolina,258
Jasper,South Carolina,-1
Kershaw,South Carolina,378
Lancaster,South Carolina,285
Laurens,South Carolina,-1
Lee,South Carolina,-1
Lexington,South Carolina,313
Marion,South Carolina,-1
Marlboro,South Carolina,-1
McCormick,South Carolina,374
Newberry,South Carolina,335
Oconee,South Carolina,129
Orangeburg,South Carolina,504
Pickens,South Carolina,161
Richland,South Carolina,1089
Saluda,South Carolina,178
Spartanburg,South Carolina,294
Sumter,South Carolina,741
Union,South Carolina,-1
Williamsburg,South Carolina,-1
York,South Carolina,237
Aurora,South Dakota,-2
Beadle,South Dakota,-2
Bennett,South Dakota,-2
Bon Homme,South Dakota,-2
Brookings,South Dakota,-2
Brown,South Dakota,-2
Brule,South Dakota,-2
Buffalo,South Dakota,-2
Butte,South Dakota,-2
Campbell,South Dakota,-2
Charles Mix,South Dakota,-2
Clark,South Dakota,-2
Clay,South Dakota,-2
Codington,South Dakota,-2
Corson,South Dakota,-2
Custer,South Dakota,-2
Davison,South Dakota,-2
Day,South Dakota,-2
Deuel,South Dakota,-2
Dewey,South Dakota,-2
Douglas,South Dakota,-2
Edmunds,South Dakota,-2
Fall River,South Dakota,-2
Faulk,South Dakota,-2
Grant,South Dakota,-2
Gregory,South Dakota,-2
Haakon,South Dakota,-2
Hamlin,South Dakota,-2
Hand,South Dakota,-2
Hanson,South Dakota,-2
Harding,South Dakota,-2
Hughes,South Dakota,-2
Hutchinson,South Dakota,-2
Hyde,South Dakota,-2
Jackson,South Dakota,-2
Jerauld,South Dakota,-2
Jones,South Dakota,-2
Kingsbury,South Dakota,-2
Lake,South Dakota,-2
Lawrence,South Dakota,-2
Lincoln,South Dakota,-2
Lyman,South Dakota,-2
Marshall,South Dakota,-2
McCook,South Dakota,-2
McPherson,South Dakota,-2
Meade,South Dakota,-2
Mellette,South Dakota,-2
Miner,South Dakota,-2
Minnehaha,South Dakota,-2
Moody,South Dakota,-2
Oglala Lakota,South Dakota,-2
Pennington,South Dakota,-2
Perkins,South Dakota,-2
Potter,South Dakota,-2
Roberts,South Dakota,-2
Sanborn,South Dakota,-2
Spink,South Dakota,-2
Stanley,South Dakota,-2
Sully,South Dakota,-2
Todd,South Dakota,-2
Tripp,South Dakota,-2
Turner,South Dakota,-2
Union,South Dakota,-2
Walworth,South Dakota,-2
Yankton,South Dakota,-2
Ziebach,South Dakota,-2
Anderson,Tennessee,-1
Bedford,Tennessee,-1
Benton,Tennessee,108
Bledsoe,Tennessee,-1
Blount,Tennessee,-1
Bradley,Tennessee,107
Campbell,Tennessee,64
Cannon,Tennessee,306
Carroll,Tennessee,125
Carter,Tennessee,61
Cheatham,Tennessee,-1
Chester,Tennessee,95
Claiborne,Tennessee,89
Clay,Tennessee,-1
Cocke,Tennessee,117
Coffee,Tennessee,-1
Crockett,Tennessee,-1
Cumberland,Tennessee,88
Davidson,Tennessee,769
Decatur,Tennessee,263
DeKalb,Tennessee,-1
Dickson,Tennessee,-1
Dyer,Tennessee,-1
Fayette,Tennessee,151
Fentress,Tennessee,70
Franklin,Tennessee,93
Gibson,Tennessee,-1
Giles,Tennessee,-1
Grainger,Tennessee,69
Greene,Tennessee,-1
Grundy,Tennessee,-1
Hamblen,Tennessee,-1
Hamilton,Tennessee,300
Hancock,Tennessee,-1
Hardeman,Tennessee,150
Hardin,Tennessee,-1
Hawkins,Tennessee,81
Haywood,Tennessee,489
Henderson,Tennessee,-1
Henry,Tennessee,-1
Hickman,Tennessee,110
Houston,Tennessee,-1
Humphreys,Tennessee,122
Jackson,Tennessee,105
Jefferson,Tennessee,90
Johnson,Tennessee,116
Knox,Tennessee,233
Lake,Tennessee,-1
Lauderdale,Tennessee,-1
Lawrence,Tennessee,100
Lewis,Tennessee,-1
Lincoln,Tennessee,-1
Loudon,Tennessee,42
Macon,Tennessee,82
Madison,Tennessee,244
Marion,Tennessee,135
Marshall,Tennessee,142
Maury,Tennessee,171
McMinn,Tennessee,101
McNairy,Tennessee,99
Meigs,Tennessee,-1
Monroe,Tennessee,75
Montgomery,Tennessee,236
Moore,Tennessee,-1
Morgan,Tennessee,-1
Obion,Tennessee,-1
Overton,Tennessee,63
Perry,Tennessee,-1
Pickett,Tennessee,-1
Polk,Tennessee,81
Putnam,Tennessee,-1
Rhea,Tennessee,-1
Roane,Tennessee,-1
Robertson,Tennessee,-1
Rutherford,Tennessee,210
Scott,Tennessee,-1
Sequatchie,Tennessee,108
Sevier,Tennessee,-1
Shelby,Tennessee,692
Smith,Tennessee,246
Stewart,Tennessee,-1
Sullivan,Tennessee,128
Sumner,Tennessee,149
Tipton,Tennessee,-1
Trousdale,Tennessee,218
Unicoi,Tennessee,114
Union,Tennessee,-1
Van Buren,Tennessee,-1
Warren,Tennessee,-1
Washington,Tennessee,-1
Wayne,Tennessee,142
Weakley,Tennessee,-1
White,Tennessee,92
Williamson,Tennessee,91
Wilson,Tennessee,-1
Anderson,Texas,517
Andrews,Texas,-1
Angelina,Texas,211
Aransas,Texas,-1
Archer,Texas,-1
Armstrong,Texas,-1
Atascosa,Texas,123
Austin,Texas,221
Bailey,Texas,-1
Bandera,Texas,105
Bastrop,Texas,256
Baylor,Texas,-1
Bee,Texas,-1
Bell,Texas,326
Bexar,Texas,440
Blanco,Texas,-1
Borden,Texas,-1
Bosque,Texas,106
Bowie,Texas,268
Brazoria,Texas,313
Brazos,Texas,246
Brewster,Texas,-1
Briscoe,Texas,0
Brooks,Texas,-1
Brown,Texas,-1
Burleson,Texas,-1
Burnet,Texas,-1
Caldwell,Texas,265
Calhoun,Texas,88
Callahan,Texas,-1
Cameron,Texas,314
Camp,Texas,-1
Carson,Texas,-1
Cass,Texas,-1
Castro,Texas,-1
Chambers,Texas,127
Cherokee,Texas,-1
Childress,Texas,-1
Clay,Texas,117
Cochran,Texas,-1
Coke,Texas,-1
Coleman,Texas,-1
Collin,Texas,220
Collingsworth,Texas,0
Colorado,Texas,214
Comal,Texas,166
Comanche,Texas,152
Concho,Texas,-1
Cooke,Texas,87
Coryell,Texas,352
Cottle,Texas,-1
Crane,Texas,-1
Crockett,Texas,-1
Crosby,Texas,-1
Culberson,Texas,-1
Dallam,Texas,-1
Dallas,Texas,921
Dawson,Texas,-1
Deaf Smith,Texas,165
Delta,Texas,311
Denton,Texas,202
DeWitt,Texas,-1
Dickens,Texas,-1
Dimmit,Texas,-1
Donley,Texas,-1
Duval,Texas,155
Eastland,Texas,-1
Ector,Texas,195
Edwards,Texas,0
El Paso,Texas,409
Ellis,Texas,236
Erath,Texas,62
Falls,Texas,-1
Fannin,Texas,239
Fayette,Texas,129
Fisher,Texas,-1
Floyd,Texas,0
Foard,Texas,0
Fort Bend,Texas,262
Franklin,Texas,-1
Freestone,Texas,238
Frio,Texas,-1
Gaines,Texas,-1
Galveston,Texas,432
Garza,Texas,-1
Gillespie,Texas,82
Glasscock,Texas,-1
Goliad,Texas,-1
Gonzales,Texas,172
Gray,Texas,130
Grayson,Texas,174
Gregg,Texas,412
Grimes,Texas,-1
Guadalupe,Texas,131
Hale,Texas,-1
Hall,Texas,-1
Hamilton,Texas,175
Hansford,Texas,-1
Hardeman,Texas,-1
Hardin,Texas,123
Harris,Texas,756
Harrison,Texas,135
Hartley,Texas,-1
Haskell,Texas,233
Hays,Texas,224
Hemphill,Texas,-1
Henderson,Texas,153
Hidalgo,Texas,222
Hill,Texas,-1
Hockley,Texas,81
Hood,Texas,-1
Hopkins,Texas,-1
Houston,Texas,-1
Howard,Texas,-1
Hudspeth,Texas,-1
Hunt,Texas,183
Hutchinson,Texas,94
Irion,Texas,-1
Jack,Texas,-1
Jackson,Texas,-1
Jasper,Texas,-1
Jeff Davis,Texas,-1
Jefferson,Texas,487
Jim Hogg,Texas,-1
Jim Wells,Texas,81
Johnson,Texas,192
Jones,Texas,306
Karnes,Texas,-1
Kaufman,Texas,314
Kendall,Texas,-1
Kenedy,Texas,0
Kent,Texas,0
Kerr,Texas,-1
Kimble,Texas,-1
King,Texas,-1
Kinney,Texas,-1
Kleberg,Texas,192
Knox,Texas,-1
La Salle,Texas,-1
Lamar,Texas,160
Lamb,Texas,264
Lampasas,Texas,76
Lavaca,Texas,143
Lee,Texas,-1
Leon,Texas,-1
Liberty,Texas,-1
Limestone,Texas,113
Lipscomb,Texas,0
Live Oak,Texas,161
Llano,Texas,141
Loving,Texas,-1
Lubbock,Texas,207
Lynn,Texas,-1
Madison,Texas,240
Marion,Texas,205
Martin,Texas,-1
Mason,Texas,-1
Matagorda,Texas,-1
Maverick,Texas,-1
McCulloch,Texas,269
McLennan,Texas,272
McMullen,Texas,0
Medina,Texas,-1
Menard,Texas,-1
Midland,Texas,134
Milam,Texas,307
Mills,Texas,0
Mitchell,Texas,-1
Montague,Texas,-1
Montgomery,Texas,168
Moore,Texas,155
Morris,Texas,133
Motley,Texas,-1
Nacogdoches,Texas,-1
Navarro,Texas,-1
Newton,Texas,-1
Nolan,Texas,176
Nueces,Texas,245
Ochiltree,Texas,-1
Oldham,Texas,0
Orange,Texas,176
Palo Pinto,Texas,88
Panola,Texas,-1
Parker,Texas,-1
Parmer,Texas,-1
Pecos,Texas,132
Polk,Texas,-1
Potter,Texas,294
Presidio,Texas,-1
Rains,Texas,-1
Randall,Texas,141
Reagan,Texas,-1
Real,Texas,-1
Red River,Texas,142
Reeves,Texas,429
Refugio,Texas,-1
Roberts,Texas,0
Robertson,Texas,187
Rockwall,Texas,138
Runnels,Texas,140
Rusk,Texas,202
Sabine,Texas,158
San Augustine,Texas,-1
San Jacinto,Texas,184
San Patricio,Texas,138
San Saba,Texas,-1
Schleicher,Texas,-1
Scurry,Texas,-1
Shackelford,Texas,-1
Shelby,Texas,-1
Sherman,Texas,-1
Smith,Texas,223
Somervell,Texas,0
Starr,Texas,-1
Stephens,Texas,-1
Sterling,Texas,0
Stonewall,Texas,-1
Sutton,Texas,-1
Swisher,Texas,230
Tarrant,Texas,362
Taylor,Texas,220
Terrell,Texas,-1
Terry,Texas,217
Throckmorton,Texas,0
Titus,Texas,-1
Tom Green,Texas,128
Travis,Texas,571
Trinity,Texas,234
Tyler,Texas,-1
Upshur,Texas,-1
Upton,Texas,-1
Uvalde,Texas,150
Val Verde,Texas,-1
Van Zandt,Texas,-1
Victoria,Texas,196
Walker,Texas,1432
Waller,Texas,232
Ward,Texas,-1
Washington,Texas,-1
Webb,Texas,267
Wharton,Texas,-1
Wheeler,Texas,-1
Wichita,Texas,168
Wilbarger,Texas,-1
Willacy,Texas,-1
Williamson,Texas,176
Wilson,Texas,-1
Winkler,Texas,-1
Wise,Texas,-1
Wood,Texas,-1
Yoakum,Texas,-1
Young,Texas,-1
Zapata,Texas,-1
Zavala,Texas,-1
Beaver,Utah,-1
Box Elder,Utah,74
Cache,Utah,-1
Carbon,Utah,95
Daggett,Utah,-1
Davis,Utah,84
Duchesne,Utah,130
Emery,Utah,-1
Garfield,Utah,-1
Grand,Utah,-1
Iron,Utah,106
Juab,Utah,-1
Kane,Utah,-1
Millard,Utah,-1
Morgan,Utah,-1
Piute,Utah,0
Rich,Utah,-1
Salt Lake,Utah,298
San Juan,Utah,-1
Sanpete,Utah,76
Sevier,Utah,80
Summit,Utah,120
Tooele,Utah,144
Uintah,Utah,-1
Utah,Utah,69
Wasatch,Utah,59
Washington,Utah,-1
Wayne,Utah,-1
Weber,Utah,139
Addison,Vermont,-2
Bennington,Vermont,-2
Caledonia,Vermont,-2
Chittenden,Vermont,42
Essex,Vermont,-2
Franklin,Vermont,-2
Grand Isle,Vermont,-2
Lamoille,Vermont,-2
Orange,Vermont,-2
Orleans,Vermont,-2
Rutland,Vermont,43
Washington,Vermont,29
Windham,Vermont,-2
Windsor,Vermont,-2
Accomack,Virginia,424
Albemarle,Virginia,-1
Alexandria,Virginia,1443
Alleghany,Virginia,213
Amelia,Virginia,204
Amherst,Virginia,-1
Appomattox,Virginia,88
Arlington,Virginia,1137
Augusta,Virginia,-1
Bath,Virginia,-1
Bedford,Virginia,-1
Bedford,Virginia,undefined
Bland,Virginia,-1
Botetourt,Virginia,149
Bristol,Virginia,-1
Brunswick,Virginia,-1
Buchanan,Virginia,-1
Buckingham,Virginia,452
Buena Vista,Virginia,-1
Campbell,Virginia,-1
Caroline,Virginia,-1
Carroll,Virginia,48
Charles City,Virginia,350
Charlotte,Virginia,260
Charlottesville,Virginia,572
Chesapeake,Virginia,342
Chesterfield,Virginia,212
Clarke,Virginia,208
Colonial Heights,Virginia,373
Covington,Virginia,309
Craig,Virginia,-1
Culpeper,Virginia,-1
Cumberland,Virginia,-1
Danville,Virginia,396
Dickenson,Virginia,-1
Dinwiddie,Virginia,-1
Emporia,Virginia,565
Essex,Virginia,292
Fairfax,Virginia,366
Fairfax,Virginia,-1
Falls Church,Virginia,-1
Fauquier,Virginia,-1
Floyd,Virginia,126
Fluvanna,Virginia,216
Franklin,Virginia,-1
Franklin,Virginia,482
Frederick,Virginia,-1
Fredericksburg,Virginia,739
Galax,Virginia,-1
Giles,Virginia,82
Gloucester,Virginia,-1
Goochland,Virginia,309
Grayson,Virginia,108
Greene,Virginia,151
Greensville,Virginia,-1
Halifax,Virginia,236
Hampton,Virginia,587
Hanover,Virginia,126
Harrisonburg,Virginia,-1
Henrico,Virginia,361
Henry,Virginia,-1
Highland,Virginia,-1
Hopewell,Virginia,-1
Isle of Wight,Virginia,-1
James City,Virginia,-1
King and Queen,Virginia,274
King George,Virginia,277
King William,Virginia,91
Lancaster,Virginia,-1
Lee,Virginia,69
Lexington,Virginia,-1
Loudoun,Virginia,177
Louisa,Virginia,-1
Lunenburg,Virginia,281
Lynchburg,Virginia,495
Madison,Virginia,113
Manassas,Virginia,403
Manassas Park,Virginia,166
Martinsville,Virginia,302
Mathews,Virginia,186
Mecklenburg,Virginia,-1
Middlesex,Virginia,260
Montgomery,Virginia,-1
Nelson,Virginia,239
New Kent,Virginia,174
Newport News,Virginia,676
Norfolk,Virginia,1384
Northampton,Virginia,487
Northumberland,Virginia,119
Norton,Virginia,-1
Nottoway,Virginia,-1
Orange,Virginia,215
Page,Virginia,56
Patrick,Virginia,90
Petersburg,Virginia,1612
Pittsylvania,Virginia,-1
Poquoson,Virginia,-1
Portsmouth,Virginia,855
Powhatan,Virginia,-1
Prince Edward,Virginia,-1
Prince George,Virginia,473
Prince William,Virginia,373
Pulaski,Virginia,-1
Radford,Virginia,-1
Rappahannock,Virginia,211
Richmond,Virginia,533
Richmond,Virginia,1265
Roanoke,Virginia,-1
Roanoke,Virginia,594
Rockbridge,Virginia,72
Rockingham,Virginia,115
Russell,Virginia,58
Salem,Virginia,165
Scott,Virginia,-1
Shenandoah,Virginia,-1
Smyth,Virginia,-1
Southampton,Virginia,-1
Spotsylvania,Virginia,207
Stafford,Virginia,238
Staunton,Virginia,380
Suffolk,Virginia,390
Surry,Virginia,283
Sussex,Virginia,660
Tazewell,Virginia,-1
Virginia Beach,Virginia,336
Warren,Virginia,282
Washington,Virginia,-1
Waynesboro,Virginia,-1
Westmoreland,Virginia,-1
Williamsburg,Virginia,491
Winchester,Virginia,-1
Wise,Virginia,-1
Wythe,Virginia,112
York,Virginia,-1
Adams,Washington,-1
Asotin,Washington,55
Benton,Washington,-1
Chelan,Washington,-1
Clallam,Washington,140
Clark,Washington,263
Columbia,Washington,-1
Cowlitz,Washington,-1
Douglas,Washington,45
Ferry,Washington,-1
Franklin,Washington,-1
Garfield,Washington,-1
Grant,Washington,-1
Grays Harbor,Washington,-1
Island,Washington,-1
Jefferson,Washington,-1
King,Washington,469
Kitsap,Washington,203
Kittitas,Washington,110
Klickitat,Washington,163
Lewis,Washington,-1
Lincoln,Washington,-1
Mason,Washington,-1
Okanogan,Washington,-1
Pacific,Washington,218
Pend Oreille,Washington,-1
Pierce,Washington,231
San Juan,Washington,-1
Skagit,Washington,-1
Skamania,Washington,-1
Snohomish,Washington,189
Spokane,Washington,176
Stevens,Washington,37
Thurston,Washington,162
Wahkiakum,Washington,-1
Walla Walla,Washington,-1
Whatcom,Washington,-1
Whitman,Washington,-1
Yakima,Washington,147
District of Columbia,"Washington, D.C.",-4
Barbour,West Virginia,-1
Berkeley,West Virginia,-1
Boone,West Virginia,-1
Braxton,West Virginia,-1
Brooke,West Virginia,92
Cabell,West Virginia,214
Calhoun,West Virginia,-1
Clay,West Virginia,-1
Doddridge,West Virginia,-1
Fayette,West Virginia,97
Gilmer,West Virginia,296
Grant,West Virginia,-1
Greenbrier,West Virginia,-1
Hampshire,West Virginia,140
Hancock,West Virginia,89
Hardy,West Virginia,-1
Harrison,West Virginia,-1
Jackson,West Virginia,-1
Jefferson,West Virginia,158
Kanawha,West Virginia,212
Lewis,West Virginia,-1
Lincoln,West Virginia,-1
Logan,West Virginia,53
Marion,West Virginia,-1
Marshall,West Virginia,-1
Mason,West Virginia,-1
McDowell,West Virginia,-1
Mercer,West Virginia,-1
Mineral,West Virginia,61
Mingo,West Virginia,74
Monongalia,West Virginia,160
Monroe,West Virginia,-1
Morgan,West Virginia,-1
Nicholas,West Virginia,-1
Ohio,West Virginia,151
Pendleton,West Virginia,-1
Pleasants,West Virginia,-1
Pocahontas,West Virginia,-1
Preston,West Virginia,-1
Putnam,West Virginia,-1
Raleigh,West Virginia,-1
Randolph,West Virginia,66
Ritchie,West Virginia,-1
Roane,West Virginia,-1
Summers,West Virginia,113
Taylor,West Virginia,-1
Tucker,West Virginia,-1
Tyler,West Virginia,-1
Upshur,West Virginia,-1
Wayne,West Virginia,56
Webster,West Virginia,-1
Wetzel,West Virginia,-1
Wirt,West Virginia,-1
Wood,West Virginia,-1
Wyoming,West Virginia,-1
Adams,Wisconsin,127
Ashland,Wisconsin,-1
Barron,Wisconsin,-1
Bayfield,Wisconsin,82
Brown,Wisconsin,111
Buffalo,Wisconsin,-1
Burnett,Wisconsin,-1
Calumet,Wisconsin,-1
Chippewa,Wisconsin,55
Clark,Wisconsin,75
Columbia,Wisconsin,-1
Crawford,Wisconsin,-1
Dane,Wisconsin,213
Dodge,Wisconsin,108
Door,Wisconsin,59
Douglas,Wisconsin,-1
Dunn,Wisconsin,38
Eau Claire,Wisconsin,-1
Florence,Wisconsin,0
Fond du Lac,Wisconsin,63
Forest,Wisconsin,-1
Grant,Wisconsin,57
Green,Wisconsin,-1
Green Lake,Wisconsin,94
Iowa,Wisconsin,82
Iron,Wisconsin,-1
Jackson,Wisconsin,-1
Jefferson,Wisconsin,-1
Juneau,Wisconsin,70
Kenosha,Wisconsin,147
Kewaunee,Wisconsin,66
La Crosse,Wisconsin,108
Lafayette,Wisconsin,-1
Langlade,Wisconsin,-1
Lincoln,Wisconsin,53
Manitowoc,Wisconsin,-1
Marathon,Wisconsin,-1
Marinette,Wisconsin,58
Marquette,Wisconsin,130
Menominee,Wisconsin,-1
Milwaukee,Wisconsin,458
Monroe,Wisconsin,47
Oconto,Wisconsin,-1
Oneida,Wisconsin,42
Outagamie,Wisconsin,-1
Ozaukee,Wisconsin,52
Pepin,Wisconsin,0
Pierce,Wisconsin,47
Polk,Wisconsin,-1
Portage,Wisconsin,59
Price,Wisconsin,-1
Racine,Wisconsin,132
Richland,Wisconsin,-1
Rock,Wisconsin,-1
Rusk,Wisconsin,-1
Sauk,Wisconsin,-1
Sawyer,Wisconsin,-1
Shawano,Wisconsin,39
Sheboygan,Wisconsin,-1
St. Croix,Wisconsin,41
Taylor,Wisconsin,-1
Trempealeau,Wisconsin,61
Vernon,Wisconsin,54
Vilas,Wisconsin,-1
Walworth,Wisconsin,60
Washburn,Wisconsin,69
Washington,Wisconsin,-1
Waukesha,Wisconsin,56
Waupaca,Wisconsin,37
Waushara,Wisconsin,57
Winnebago,Wisconsin,-1
Wood,Wisconsin,67
Albany,Wyoming,-1
Big Horn,Wyoming,-1
Campbell,Wyoming,69
Carbon,Wyoming,0
Converse,Wyoming,-1
Crook,Wyoming,-1
Fremont,Wyoming,107
Goshen,Wyoming,122
Hot Springs,Wyoming,0
Johnson,Wyoming,-1
Laramie,Wyoming,-1
Lincoln,Wyoming,-1
Natrona,Wyoming,-1
Niobrara,Wyoming,-1
Park,Wyoming,-1
Platte,Wyoming,-1
Sheridan,Wyoming,54
Sublette,Wyoming,0
Sweetwater,Wyoming,44
Teton,Wyoming,0
Uinta,Wyoming,-1
Washakie,Wyoming,-1
Weston,Wyoming,-1
